{
  "accuracy": 0.9885386819484241,
  "roc_auc": 0.6992753623188406,
  "cv_scores_mean": 0.7150871195424098,
  "cv_scores_std": 0.01894931246445067,
  "training_date": "2025-06-04 09:28:03",
  "feature_count": 162
}